id,parent_id,level,kind,name_ar,name_en,source,is_official_governorate
gov:القاهرة,,0,governorate,القاهرة,,data1,True
district:القاهرة:مصر-الجديده,gov:القاهرة,1,district,مصر الجديده,,data1,
district:القاهرة:مدينة-نصر,gov:القاهرة,1,district,مدينة نصر,,data1,
district:القاهرة:المعادى,gov:القاهرة,1,district,المعادى,,data1,
district:القاهرة:القاهره-الجديده,gov:القاهرة,1,district,القاهره الجديده,,data1,
district:القاهرة:حدائق-القبه,gov:القاهرة,1,district,حدائق القبه,,data1,
district:القاهرة:مدينة-العبور,gov:القاهرة,1,district,مدينة العبور,,data1,
district:القاهرة:المنيل,gov:القاهرة,1,district,المنيل,,data1,
district:القاهرة:شبرا-مصر,gov:القاهرة,1,district,شبرا مصر,,data1,
district:القاهرة:وسط-البلد,gov:القاهرة,1,district,وسط البلد,,data1,
district:القاهرة:مدينة-السلام,gov:القاهرة,1,district,مدينة السلام,,data1,
district:القاهرة:الرحاب,gov:القاهرة,1,district,الرحاب,,data1,
district:القاهرة:الزمالك,gov:القاهرة,1,district,الزمالك,,data1,
district:القاهرة:الزيتون,gov:القاهرة,1,district,الزيتون,,data1,
district:القاهرة:السيده-زينب,gov:القاهرة,1,district,السيده زينب,,data1,
district:القاهرة:الشروق,gov:القاهرة,1,district,الشروق,,data1,
district:القاهرة:العاشر-من-رمضان,gov:القاهرة,1,district,العاشر من رمضان,,data1,
district:القاهرة:العباسيه,gov:القاهرة,1,district,العباسيه,,data1,
district:القاهرة:القطاميه,gov:القاهرة,1,district,القطاميه,,data1,
district:القاهرة:المرج,gov:القاهرة,1,district,المرج,,data1,
district:القاهرة:المطريه,gov:القاهرة,1,district,المطريه,,data1,
district:القاهرة:المقطم,gov:القاهرة,1,district,المقطم,,data1,
district:القاهرة:بولاق,gov:القاهرة,1,district,بولاق,,data1,
district:القاهرة:حدائق-المعادى,gov:القاهرة,1,district,حدائق المعادى,,data1,
district:القاهرة:حدائق-حلوان,gov:القاهرة,1,district,حدائق حلوان,,data1,
district:القاهرة:حلوان,gov:القاهرة,1,district,حلوان,,data1,
district:القاهرة:دار-السلام,gov:القاهرة,1,district,دار السلام,,data1,
district:القاهرة:شبرا-الخيمه,gov:القاهرة,1,district,شبرا الخيمه,,data1,
district:القاهرة:عين-شمس,gov:القاهرة,1,district,عين شمس,,data1,
district:القاهرة:مدينة-بدر,gov:القاهرة,1,district,مدينة بدر,,data1,
district:القاهرة:مدينتي,gov:القاهرة,1,district,مدينتي,,data1,
district:القاهرة:مصر-القديمه,gov:القاهرة,1,district,مصر القديمه,,data1,
district:القاهرة:النزهه-الجديده,gov:القاهرة,1,district,النزهه الجديده,,data1,
district:القاهرة:مدينة-المستقبل,gov:القاهرة,1,district,مدينة المستقبل,,data1,
gov:الجيزة,,0,governorate,الجيزة,,data1,True
district:الجيزة:الدقى,gov:الجيزة,1,district,الدقى,,data1,
district:الجيزة:المهندسين,gov:الجيزة,1,district,المهندسين,,data1,
district:الجيزة:السادس-من-أكتوبر,gov:الجيزة,1,district,السادس من أكتوبر,,data1,
district:الجيزة:الهرم,gov:الجيزة,1,district,الهرم,,data1,
district:الجيزة:فيصل,gov:الجيزة,1,district,فيصل,,data1,
district:الجيزة:الشيخ-زايد,gov:الجيزة,1,district,الشيخ زايد,,data1,
district:الجيزة:حدائق-الاهرام,gov:الجيزة,1,district,حدائق الاهرام,,data1,
district:الجيزة:العجوزه,gov:الجيزة,1,district,العجوزه,,data1,
district:الجيزة:الجيزه-الجديده,gov:الجيزة,1,district,الجيزه الجديده,,data1,
district:الجيزة:بولاق-الدكرور,gov:الجيزة,1,district,بولاق الدكرور,,data1,
district:الجيزة:البدراشين,gov:الجيزة,1,district,البدراشين,,data1,
district:الجيزة:الحوامديه,gov:الجيزة,1,district,الحوامديه,,data1,
district:الجيزة:العياط,gov:الجيزة,1,district,العياط,,data1,
district:الجيزة:امبابه,gov:الجيزة,1,district,امبابه,,data1,
district:الجيزة:ميدان-الجيزه,gov:الجيزة,1,district,ميدان الجيزه,,data1,
district:الجيزة:حدائق-اكتوبر,gov:الجيزة,1,district,حدائق اكتوبر,,data1,
district:الجيزة:كرداسة,gov:الجيزة,1,district,كرداسة,,data1,
district:الجيزة:أوسيم,gov:الجيزة,1,district,أوسيم,,data1,
district:الجيزة:منشأة-القناطر,gov:الجيزة,1,district,منشأة القناطر,,data1,
district:الجيزة:أبو-النمرس,gov:الجيزة,1,district,أبو النمرس,,data1,
district:الجيزة:أطفيح,gov:الجيزة,1,district,أطفيح,,data1,
district:الجيزة:الصف,gov:الجيزة,1,district,الصف,,data1,
gov:الإسكندرية,,0,governorate,الإسكندرية,,data1,True
district:الإسكندرية:محطة-الرمل,gov:الإسكندرية,1,district,محطة الرمل,,data1,
district:الإسكندرية:رشدى,gov:الإسكندرية,1,district,رشدى,,data1,
district:الإسكندرية:سموحه,gov:الإسكندرية,1,district,سموحه,,data1,
district:الإسكندرية:سبورتينج,gov:الإسكندرية,1,district,سبورتينج,,data1,
district:الإسكندرية:سيدى-جابر,gov:الإسكندرية,1,district,سيدى جابر,,data1,
district:الإسكندرية:لوران,gov:الإسكندرية,1,district,لوران,,data1,
district:الإسكندرية:كامب-شيزار,gov:الإسكندرية,1,district,كامب شيزار,,data1,
district:الإسكندرية:الابراهيميه,gov:الإسكندرية,1,district,الابراهيميه,,data1,
district:الإسكندرية:جانكليس,gov:الإسكندرية,1,district,جانكليس,,data1,
district:الإسكندرية:أبو-قير,gov:الإسكندرية,1,district,أبو قير,,data1,
district:الإسكندرية:الازاريطه,gov:الإسكندرية,1,district,الازاريطه,,data1,
district:الإسكندرية:السيوف,gov:الإسكندرية,1,district,السيوف,,data1,
district:الإسكندرية:الشاطبى,gov:الإسكندرية,1,district,الشاطبى,,data1,
district:الإسكندرية:العامريه,gov:الإسكندرية,1,district,العامريه,,data1,
district:الإسكندرية:العجمى,gov:الإسكندرية,1,district,العجمى,,data1,
district:الإسكندرية:العصافره,gov:الإسكندرية,1,district,العصافره,,data1,
district:الإسكندرية:المنتزه,gov:الإسكندرية,1,district,المنتزه,,data1,
district:الإسكندرية:المندره,gov:الإسكندرية,1,district,المندره,,data1,
district:الإسكندرية:المنشيه,gov:الإسكندرية,1,district,المنشيه,,data1,
district:الإسكندرية:الورديان,gov:الإسكندرية,1,district,الورديان,,data1,
district:الإسكندرية:باكوس,gov:الإسكندرية,1,district,باكوس,,data1,
district:الإسكندرية:بحري,gov:الإسكندرية,1,district,بحري,,data1,
district:الإسكندرية:بولكلي,gov:الإسكندرية,1,district,بولكلي,,data1,
district:الإسكندرية:جليم,gov:الإسكندرية,1,district,جليم,,data1,
district:الإسكندرية:زيزينيا,gov:الإسكندرية,1,district,زيزينيا,,data1,
district:الإسكندرية:سابا-باشا,gov:الإسكندرية,1,district,سابا باشا,,data1,
district:الإسكندرية:سان-ستيفانو,gov:الإسكندرية,1,district,سان ستيفانو,,data1,
district:الإسكندرية:سيدى-بشر,gov:الإسكندرية,1,district,سيدى بشر,,data1,
district:الإسكندرية:شارع-فؤاد,gov:الإسكندرية,1,district,شارع فؤاد,,data1,
district:الإسكندرية:فلمنج,gov:الإسكندرية,1,district,فلمنج,,data1,
district:الإسكندرية:فيكتوريا,gov:الإسكندرية,1,district,فيكتوريا,,data1,
district:الإسكندرية:كفر-عبده,gov:الإسكندرية,1,district,كفر عبده,,data1,
district:الإسكندرية:كليوبترا,gov:الإسكندرية,1,district,كليوبترا,,data1,
district:الإسكندرية:كينج-ماريوط,gov:الإسكندرية,1,district,كينج ماريوط,,data1,
district:الإسكندرية:محرم-بك,gov:الإسكندرية,1,district,محرم بك,,data1,
district:الإسكندرية:مصطفى-كامل,gov:الإسكندرية,1,district,مصطفى كامل,,data1,
district:الإسكندرية:ميامى,gov:الإسكندرية,1,district,ميامى,,data1,
district:الإسكندرية:برج-العرب,gov:الإسكندرية,1,district,برج العرب,,data1,
gov:القليوبية,,0,governorate,القليوبية,,pdf,True
markaz:القليوبية:بنها,gov:القليوبية,1,markaz,بنها,,pdf,
village:القليوبية:بنها:كفر-الجزار,markaz:القليوبية:بنها,2,village,كفر الجزار,,pdf,
village:القليوبية:بنها:ميت-الحوفيين,markaz:القليوبية:بنها,2,village,ميت الحوفيين,,pdf,
markaz:القليوبية:قليوب,gov:القليوبية,1,markaz,قليوب,,pdf,
village:القليوبية:قليوب:بلقس,markaz:القليوبية:قليوب,2,village,بلقس,,pdf,
village:القليوبية:قليوب:ناي,markaz:القليوبية:قليوب,2,village,ناي,,pdf,
markaz:القليوبية:القناطر-الخيرية,gov:القليوبية,1,markaz,القناطر الخيرية,,pdf,
village:القليوبية:القناطر-الخيرية:شلقان,markaz:القليوبية:القناطر-الخيرية,2,village,شلقان,,pdf,
village:القليوبية:القناطر-الخيرية:باسوس,markaz:القليوبية:القناطر-الخيرية,2,village,باسوس,,pdf,
markaz:القليوبية:الخانكة,gov:القليوبية,1,markaz,الخانكة,,pdf,
village:القليوبية:الخانكة:الجبل-الأصفر,markaz:القليوبية:الخانكة,2,village,الجبل الأصفر,,pdf,
village:القليوبية:الخانكة:أبو-زعبل,markaz:القليوبية:الخانكة,2,village,أبو زعبل,,pdf,
markaz:القليوبية:طوخ,gov:القليوبية,1,markaz,طوخ,,pdf,
village:القليوبية:طوخ:الدير,markaz:القليوبية:طوخ,2,village,الدير,,pdf,
village:القليوبية:طوخ:مشتهر,markaz:القليوبية:طوخ,2,village,مشتهر,,pdf,
markaz:القليوبية:كفر-شكر,gov:القليوبية,1,markaz,كفر شكر,,pdf,
village:القليوبية:كفر-شكر:محيطة,markaz:القليوبية:كفر-شكر,2,village,محيطة,,pdf,
gov:الشرقية,,0,governorate,الشرقية,,pdf,True
markaz:الشرقية:الزقازيق,gov:الشرقية,1,markaz,الزقازيق,,pdf,
village:الشرقية:الزقازيق:هرية-رزنة,markaz:الشرقية:الزقازيق,2,village,هرية رزنة,,pdf,
village:الشرقية:الزقازيق:شيبة-النكارية,markaz:الشرقية:الزقازيق,2,village,شيبة النكارية,,pdf,
village:الشرقية:الزقازيق:بهنباي,markaz:الشرقية:الزقازيق,2,village,بهنباي,,pdf,
markaz:الشرقية:منيا-القمح,gov:الشرقية,1,markaz,منيا القمح,,pdf,
village:الشرقية:منيا-القمح:السعديين,markaz:الشرقية:منيا-القمح,2,village,السعديين,,pdf,
village:الشرقية:منيا-القمح:الجديدة,markaz:الشرقية:منيا-القمح,2,village,الجديدة,,pdf,
markaz:الشرقية:بلبيس,gov:الشرقية,1,markaz,بلبيس,,pdf,
village:الشرقية:بلبيس:السالم,markaz:الشرقية:بلبيس,2,village,السالم,,pdf,
village:الشرقية:بلبيس:الكتيبة,markaz:الشرقية:بلبيس,2,village,الكتيبة,,pdf,
markaz:الشرقية:أبو-ح-ّماد,gov:الشرقية,1,markaz,أبو ح ّماد,,pdf,
village:الشرقية:أبو-ح-ّماد:الصواف-حماد,markaz:الشرقية:أبو-ح-ّماد,2,village,الصواف حماد,,pdf,
village:الشرقية:أبو-ح-ّماد:بني-أيوب,markaz:الشرقية:أبو-ح-ّماد,2,village,بني أيوب,,pdf,
markaz:الشرقية:فاقوس,gov:الشرقية,1,markaz,فاقوس,,pdf,
village:الشرقية:فاقوس:الروضة,markaz:الشرقية:فاقوس,2,village,الروضة,,pdf,
village:الشرقية:فاقوس:منشأة-عمر-أبو,markaz:الشرقية:فاقوس,2,village,منشأة عمر أبو,,pdf,
markaz:الشرقية:الحسينية,gov:الشرقية,1,markaz,الحسينية,,pdf,
village:الشرقية:الحسينية:قصاصين-الشرق,markaz:الشرقية:الحسينية,2,village,قصاصين الشرق,,pdf,
village:الشرقية:الحسينية:سماكين-الشرق,markaz:الشرقية:الحسينية,2,village,سماكين الشرق,,pdf,
markaz:الشرقية:أولاد-صقر,gov:الشرقية,1,markaz,أولاد صقر,,pdf,
village:الشرقية:أولاد-صقر:الصوفية-سكانا-أقل,markaz:الشرقية:أولاد-صقر,2,village,الصوفية سكانا أقل,,pdf,
markaz:الشرقية:كفر-صقر,gov:الشرقية,1,markaz,كفر صقر,,pdf,
village:الشرقية:كفر-صقر:وقراها,markaz:الشرقية:كفر-صقر,2,village,وقراها,,pdf,
markaz:الشرقية:ههيا,gov:الشرقية,1,markaz,ههيا,,pdf,
village:الشرقية:ههيا:المهدية-وقراها,markaz:الشرقية:ههيا,2,village,المهدية وقراها,,pdf,
markaz:الشرقية:ديرب-نجم,gov:الشرقية,1,markaz,ديرب نجم,,pdf,
village:الشرقية:ديرب-نجم:وقراها,markaz:الشرقية:ديرب-نجم,2,village,وقراها,,pdf,
markaz:الشرقية:الإبراهيمية,gov:الشرقية,1,markaz,الإبراهيمية,,pdf,
village:الشرقية:الإبراهيمية:وقراها,markaz:الشرقية:الإبراهيمية,2,village,وقراها,,pdf,
markaz:الشرقية:مشتول-السوق,gov:الشرقية,1,markaz,مشتول السوق,,pdf,
village:الشرقية:مشتول-السوق:وقراها,markaz:الشرقية:مشتول-السوق,2,village,وقراها,,pdf,
gov:الدقهلية,,0,governorate,الدقهلية,,pdf,True
markaz:الدقهلية:المنصورة,gov:الدقهلية,1,markaz,المنصورة,,pdf,
village:الدقهلية:المنصورة:تلبانة,markaz:الدقهلية:المنصورة,2,village,تلبانة,,pdf,
village:الدقهلية:المنصورة:شها,markaz:الدقهلية:المنصورة,2,village,شها,,pdf,
village:الدقهلية:المنصورة:بدين,markaz:الدقهلية:المنصورة,2,village,بدين,,pdf,
markaz:الدقهلية:ميت-غمر,gov:الدقهلية,1,markaz,ميت غمر,,pdf,
village:الدقهلية:ميت-غمر:دماص,markaz:الدقهلية:ميت-غمر,2,village,دماص,,pdf,
village:الدقهلية:ميت-غمر:صهرجت-الكبرى,markaz:الدقهلية:ميت-غمر,2,village,صهرجت الكبرى,,pdf,
markaz:الدقهلية:السنبالوين,gov:الدقهلية,1,markaz,السنبالوين,,pdf,
village:الدقهلية:السنبالوين:بسطاويسي,markaz:الدقهلية:السنبالوين,2,village,بسطاويسي,,pdf,
village:الدقهلية:السنبالوين:طوخ-الأقالم,markaz:الدقهلية:السنبالوين,2,village,طوخ الأقالم,,pdf,
markaz:الدقهلية:دكرنس,gov:الدقهلية,1,markaz,دكرنس,,pdf,
village:الدقهلية:دكرنس:ميت-السودان,markaz:الدقهلية:دكرنس,2,village,ميت السودان,,pdf,
village:الدقهلية:دكرنس:ديمشلت,markaz:الدقهلية:دكرنس,2,village,ديمشلت,,pdf,
markaz:الدقهلية:شربين,gov:الدقهلية,1,markaz,شربين,,pdf,
village:الدقهلية:شربين:رأس-الخليج,markaz:الدقهلية:شربين,2,village,رأس الخليج,,pdf,
village:الدقهلية:شربين:كفر-الوكالة,markaz:الدقهلية:شربين,2,village,كفر الوكالة,,pdf,
markaz:الدقهلية:بلقاس,gov:الدقهلية,1,markaz,بلقاس,,pdf,
village:الدقهلية:بلقاس:خامس,markaz:الدقهلية:بلقاس,2,village,خامس,,pdf,
village:الدقهلية:بلقاس:أبو-بلحة,markaz:الدقهلية:بلقاس,2,village,أبو بلحة,,pdf,
markaz:الدقهلية:المنزلة,gov:الدقهلية,1,markaz,المنزلة,,pdf,
village:الدقهلية:المنزلة:البصراط,markaz:الدقهلية:المنزلة,2,village,البصراط,,pdf,
village:الدقهلية:المنزلة:الجمالية-ضا-أي-منفصلة,markaz:الدقهلية:المنزلة,2,village,الجمالية ضا أي منفصلة,,pdf,
markaz:الدقهلية:طلخا,gov:الدقهلية,1,markaz,طلخا,,pdf,
village:الدقهلية:طلخا:دميرة,markaz:الدقهلية:طلخا,2,village,دميرة,,pdf,
village:الدقهلية:طلخا:ميت-الكرما,markaz:الدقهلية:طلخا,2,village,ميت الكرما,,pdf,
gov:البحيرة,,0,governorate,البحيرة,,pdf,True
markaz:البحيرة:دمنهور,gov:البحيرة,1,markaz,دمنهور,,pdf,
village:البحيرة:دمنهور:أبو-الريش,markaz:البحيرة:دمنهور,2,village,أبو الريش,,pdf,
village:البحيرة:دمنهور:زهور-الأمراء,markaz:البحيرة:دمنهور,2,village,زهور الأمراء,,pdf,
markaz:البحيرة:كفر-الدوار,gov:البحيرة,1,markaz,كفر الدوار,,pdf,
village:البحيرة:كفر-الدوار:سيدي-غازي,markaz:البحيرة:كفر-الدوار,2,village,سيدي غازي,,pdf,
village:البحيرة:كفر-الدوار:زهرة,markaz:البحيرة:كفر-الدوار,2,village,زهرة,,pdf,
markaz:البحيرة:إيتاي-البارود,gov:البحيرة,1,markaz,إيتاي البارود,,pdf,
village:البحيرة:إيتاي-البارود:أبو-مسعود,markaz:البحيرة:إيتاي-البارود,2,village,أبو مسعود,,pdf,
village:البحيرة:إيتاي-البارود:معنيا,markaz:البحيرة:إيتاي-البارود,2,village,معنيا,,pdf,
markaz:البحيرة:أبو-حمص,gov:البحيرة,1,markaz,أبو حمص,,pdf,
village:البحيرة:أبو-حمص:بلقطر,markaz:البحيرة:أبو-حمص,2,village,بلقطر,,pdf,
village:البحيرة:أبو-حمص:دمسنا,markaz:البحيرة:أبو-حمص,2,village,دمسنا,,pdf,
markaz:البحيرة:رشيد,gov:البحيرة,1,markaz,رشيد,,pdf,
village:البحيرة:رشيد:الجندية,markaz:البحيرة:رشيد,2,village,الجندية,,pdf,
village:البحيرة:رشيد:محلة-الأمير,markaz:البحيرة:رشيد,2,village,محلة الأمير,,pdf,
markaz:البحيرة:إدكو,gov:البحيرة,1,markaz,إدكو,,pdf,
village:البحيرة:إدكو:الدمياطي,markaz:البحيرة:إدكو,2,village,الدمياطي,,pdf,
village:البحيرة:إدكو:أبو-بندورة,markaz:البحيرة:إدكو,2,village,أبو بندورة,,pdf,
markaz:البحيرة:كوم-حمادة,gov:البحيرة,1,markaz,كوم حمادة,,pdf,
village:البحيرة:كوم-حمادة:قرطسا,markaz:البحيرة:كوم-حمادة,2,village,قرطسا,,pdf,
village:البحيرة:كوم-حمادة:واقد,markaz:البحيرة:كوم-حمادة,2,village,واقد,,pdf,
markaz:البحيرة:الدلنجات,gov:البحيرة,1,markaz,الدلنجات,,pdf,
village:البحيرة:الدلنجات:طيبة,markaz:البحيرة:الدلنجات,2,village,طيبة,,pdf,
village:البحيرة:الدلنجات:البستان,markaz:البحيرة:الدلنجات,2,village,البستان,,pdf,
markaz:البحيرة:المحمودية,gov:البحيرة,1,markaz,المحمودية,,pdf,
village:البحيرة:المحمودية:أبيانة,markaz:البحيرة:المحمودية,2,village,أبيانة,,pdf,
village:البحيرة:المحمودية:سرنباي,markaz:البحيرة:المحمودية,2,village,سرنباي,,pdf,
markaz:البحيرة:الرحمانية,gov:البحيرة,1,markaz,الرحمانية,,pdf,
village:البحيرة:الرحمانية:سمخراط,markaz:البحيرة:الرحمانية,2,village,سمخراط,,pdf,
village:البحيرة:الرحمانية:بويط,markaz:البحيرة:الرحمانية,2,village,بويط,,pdf,
markaz:البحيرة:شبراخيت,gov:البحيرة,1,markaz,شبراخيت,,pdf,
village:البحيرة:شبراخيت:محلة-بشر,markaz:البحيرة:شبراخيت,2,village,محلة بشر,,pdf,
village:البحيرة:شبراخيت:كنيسة-أورين,markaz:البحيرة:شبراخيت,2,village,كنيسة أورين,,pdf,
markaz:البحيرة:بدر,gov:البحيرة,1,markaz,بدر,,pdf,
village:البحيرة:بدر:زراعي-استصالح-المشروع,markaz:البحيرة:بدر,2,village,زراعي استصالح المشروع,,pdf,
markaz:البحيرة:وادي-النطرون,gov:البحيرة,1,markaz,وادي النطرون,,pdf,
village:البحيرة:وادي-النطرون:الحمراء-صحراوية-طبيعة-ذات,markaz:البحيرة:وادي-النطرون,2,village,الحمراء صحراوية طبيعة ذات,,pdf,
gov:الغربية,,0,governorate,الغربية,,pdf,True
city:الغربية:قطور,gov:الغربية,1,city,قطور,,pdf,
city:الغربية:بسيون,gov:الغربية,1,city,بسيون,,pdf,
city:الغربية:السنطة,gov:الغربية,1,city,السنطة,,pdf,
city:الغربية:زفتى,gov:الغربية,1,city,زفتى,,pdf,
city:الغربية:الزيات-كفر,gov:الغربية,1,city,الزيات كفر,,pdf,
city:الغربية:المحلة-الكبرى,gov:الغربية,1,city,المحلة الكبرى,,pdf,
city:الغربية:طنطا,gov:الغربية,1,city,طنطا,,pdf,
gov:المنوفية,,0,governorate,المنوفية,,pdf,True
city:المنوفية:الشهداء,gov:المنوفية,1,city,الشهداء,,pdf,
city:المنوفية:تال,gov:المنوفية,1,city,تال,,pdf,
city:المنوفية:الباجور,gov:المنوفية,1,city,الباجور,,pdf,
city:المنوفية:أشمون,gov:المنوفية,1,city,أشمون,,pdf,
city:المنوفية:قويسنا,gov:المنوفية,1,city,قويسنا,,pdf,
city:المنوفية:منوف,gov:المنوفية,1,city,منوف,,pdf,
city:المنوفية:مدينة-السادات,gov:المنوفية,1,city,مدينة السادات,,pdf,
city:المنوفية:شبين-الكوم,gov:المنوفية,1,city,شبين الكوم,,pdf,
gov:كفر-الشيخ,,0,governorate,كفر الشيخ,,pdf,True
city:كفر-الشيخ:سالم-سيدي,gov:كفر-الشيخ,1,city,سالم سيدي,,pdf,
city:كفر-الشيخ:الرياض,gov:كفر-الشيخ,1,city,الرياض,,pdf,
city:كفر-الشيخ:بيال,gov:كفر-الشيخ,1,city,بيال,,pdf,
city:كفر-الشيخ:الحامول,gov:كفر-الشيخ,1,city,الحامول,,pdf,
city:كفر-الشيخ:بلطيم,gov:كفر-الشيخ,1,city,بلطيم,,pdf,
city:كفر-الشيخ:مطوبس,gov:كفر-الشيخ,1,city,مطوبس,,pdf,
city:كفر-الشيخ:فوه,gov:كفر-الشيخ,1,city,فوه,,pdf,
city:كفر-الشيخ:دسوق,gov:كفر-الشيخ,1,city,دسوق,,pdf,
city:كفر-الشيخ:الشيخ-كفر,gov:كفر-الشيخ,1,city,الشيخ كفر,,pdf,
gov:دمياط,,0,governorate,دمياط,,pdf,True
city:دمياط:البطيخ-كفر,gov:دمياط,1,city,البطيخ كفر,,pdf,
city:دمياط:سعد-كفر,gov:دمياط,1,city,سعد كفر,,pdf,
city:دمياط:الزرقا,gov:دمياط,1,city,الزرقا,,pdf,
city:دمياط:فارسكور,gov:دمياط,1,city,فارسكور,,pdf,
city:دمياط:رأس-البر,gov:دمياط,1,city,رأس البر,,pdf,
city:دمياط:دمياط-الجديدة,gov:دمياط,1,city,دمياط الجديدة,,pdf,
gov:الإسماعيلية,,0,governorate,الإسماعيلية,,pdf,True
city:الإسماعيلية:صوير-أبو,gov:الإسماعيلية,1,city,صوير أبو,,pdf,
city:الإسماعيلية:التل-الكبير,gov:الإسماعيلية,1,city,التل الكبير,,pdf,
city:الإسماعيلية:فايد,gov:الإسماعيلية,1,city,فايد,,pdf,
city:الإسماعيلية:القنطرة-غرب,gov:الإسماعيلية,1,city,القنطرة غرب,,pdf,
city:الإسماعيلية:القنطرة-شرق,gov:الإسماعيلية,1,city,القنطرة شرق,,pdf,
gov:بورسعيد,,0,governorate,بورسعيد,,pdf,True
city:بورسعيد:حي-بورفؤاد,gov:بورسعيد,1,city,حي بورفؤاد,,pdf,
city:بورسعيد:حي-الضواحي,gov:بورسعيد,1,city,حي الضواحي,,pdf,
city:بورسعيد:حي-المناخ,gov:بورسعيد,1,city,حي المناخ,,pdf,
city:بورسعيد:حي-العرب,gov:بورسعيد,1,city,حي العرب,,pdf,
city:بورسعيد:حي-الشرق,gov:بورسعيد,1,city,حي الشرق,,pdf,
gov:السويس,,0,governorate,السويس,,pdf,True
city:السويس:فيصل,gov:السويس,1,city,فيصل,,pdf,
city:السويس:الجناين,gov:السويس,1,city,الجناين,,pdf,
city:السويس:الأربعين,gov:السويس,1,city,الأربعين,,pdf,
city:السويس:عتاقة,gov:السويس,1,city,عتاقة,,pdf,
gov:شمال-سيناء,,0,governorate,شمال سيناء,,pdf,True
city:شمال-سيناء:نخل,gov:شمال-سيناء,1,city,نخل,,pdf,
city:شمال-سيناء:الحسنة,gov:شمال-سيناء,1,city,الحسنة,,pdf,
city:شمال-سيناء:بئر-العبد,gov:شمال-سيناء,1,city,بئر العبد,,pdf,
city:شمال-سيناء:رفح,gov:شمال-سيناء,1,city,رفح,,pdf,
city:شمال-سيناء:زويد-الشيخ,gov:شمال-سيناء,1,city,زويد الشيخ,,pdf,
city:شمال-سيناء:العريش-مطابقة-6-إلى,gov:شمال-سيناء,1,city,العريش مطابقة 6 إلى,,pdf,
gov:جنوب-سيناء,,0,governorate,جنوب سيناء,,pdf,True
city:جنوب-سيناء:رأس,gov:جنوب-سيناء,1,city,رأس,,pdf,
city:جنوب-سيناء:زنيمة-أبو,gov:جنوب-سيناء,1,city,زنيمة أبو,,pdf,
city:جنوب-سيناء:رديس-أبو,gov:جنوب-سيناء,1,city,رديس أبو,,pdf,
city:جنوب-سيناء:سانت-كاترين,gov:جنوب-سيناء,1,city,سانت كاترين,,pdf,
city:جنوب-سيناء:طابا,gov:جنوب-سيناء,1,city,طابا,,pdf,
city:جنوب-سيناء:نويبع,gov:جنوب-سيناء,1,city,نويبع,,pdf,
city:جنوب-سيناء:دهب,gov:جنوب-سيناء,1,city,دهب,,pdf,
city:جنوب-سيناء:الشيخ-شرم,gov:جنوب-سيناء,1,city,الشيخ شرم,,pdf,
city:جنوب-سيناء:الطور,gov:جنوب-سيناء,1,city,الطور,,pdf,
gov:البحر-الأحمر,,0,governorate,البحر الأحمر,,pdf,True
city:البحر-الأحمر:حاليب,gov:البحر-الأحمر,1,city,حاليب,,pdf,
city:البحر-الأحمر:الشالتين,gov:البحر-الأحمر,1,city,الشالتين,,pdf,
city:البحر-الأحمر:مرسى-علم,gov:البحر-الأحمر,1,city,مرسى علم,,pdf,
city:البحر-الأحمر:القصير,gov:البحر-الأحمر,1,city,القصير,,pdf,
city:البحر-الأحمر:سفاجا,gov:البحر-الأحمر,1,city,سفاجا,,pdf,
city:البحر-الأحمر:رأس-غارب,gov:البحر-الأحمر,1,city,رأس غارب,,pdf,
city:البحر-الأحمر:الغردقة,gov:البحر-الأحمر,1,city,الغردقة,,pdf,
gov:مطروح,,0,governorate,مطروح,,pdf,True
city:مطروح:سيوة,gov:مطروح,1,city,سيوة,,pdf,
city:مطروح:السلوم,gov:مطروح,1,city,السلوم,,pdf,
city:مطروح:براني-سيدي,gov:مطروح,1,city,براني سيدي,,pdf,
city:مطروح:النجيلة,gov:مطروح,1,city,النجيلة,,pdf,
city:مطروح:الضبعة,gov:مطروح,1,city,الضبعة,,pdf,
city:مطروح:العلمين,gov:مطروح,1,city,العلمين,,pdf,
city:مطروح:الحمام,gov:مطروح,1,city,الحمام,,pdf,
city:مطروح:مرسى-مطروح,gov:مطروح,1,city,مرسى مطروح,,pdf,
gov:الفيوم,,0,governorate,الفيوم,,pdf,True
city:الفيوم:إطسا,gov:الفيوم,1,city,إطسا,,pdf,
city:الفيوم:يوسف-الصديق,gov:الفيوم,1,city,يوسف الصديق,,pdf,
city:الفيوم:إبشواي,gov:الفيوم,1,city,إبشواي,,pdf,
city:الفيوم:طامية,gov:الفيوم,1,city,طامية,,pdf,
city:الفيوم:سنورس,gov:الفيوم,1,city,سنورس,,pdf,
gov:بني-سويف,,0,governorate,بني سويف,,pdf,True
city:بني-سويف:سمسطا,gov:بني-سويف,1,city,سمسطا,,pdf,
city:بني-سويف:ببا,gov:بني-سويف,1,city,ببا,,pdf,
city:بني-سويف:إهناسيا,gov:بني-سويف,1,city,إهناسيا,,pdf,
city:بني-سويف:ناصر,gov:بني-سويف,1,city,ناصر,,pdf,
city:بني-سويف:الواسطى,gov:بني-سويف,1,city,الواسطى,,pdf,
city:بني-سويف:الجديدة-سويف-بني,gov:بني-سويف,1,city,الجديدة سويف بني,,pdf,
city:بني-سويف:سويف-بني,gov:بني-سويف,1,city,سويف بني,,pdf,
gov:المنيا,,0,governorate,المنيا,,pdf,True
markaz:المنيا:العدوة,gov:المنيا,1,markaz,العدوة,,pdf,
village:المنيا:العدوة:عرب-الزينة,markaz:المنيا:العدوة,2,village,عرب الزينة,,pdf,
markaz:المنيا:مغاغة,gov:المنيا,1,markaz,مغاغة,,pdf,
village:المنيا:مغاغة:شارونة,markaz:المنيا:مغاغة,2,village,شارونة,,pdf,
village:المنيا:مغاغة:عبادشار,markaz:المنيا:مغاغة,2,village,عبادشار,,pdf,
markaz:المنيا:بني-مزار,gov:المنيا,1,markaz,بني مزار,,pdf,
village:المنيا:بني-مزار:البهنسا,markaz:المنيا:بني-مزار,2,village,البهنسا,,pdf,
village:المنيا:بني-مزار:نزلة-عبيد,markaz:المنيا:بني-مزار,2,village,نزلة عبيد,,pdf,
markaz:المنيا:مطاي,gov:المنيا,1,markaz,مطاي,,pdf,
village:المنيا:مطاي:حلوة,markaz:المنيا:مطاي,2,village,حلوة,,pdf,
markaz:المنيا:سمالوط,gov:المنيا,1,markaz,سمالوط,,pdf,
village:المنيا:سمالوط:اسطال,markaz:المنيا:سمالوط,2,village,اسطال,,pdf,
village:المنيا:سمالوط:شطورة,markaz:المنيا:سمالوط,2,village,شطورة,,pdf,
markaz:المنيا:ملوي,gov:المنيا,1,markaz,ملوي,,pdf,
village:المنيا:ملوي:تندة,markaz:المنيا:ملوي,2,village,تندة,,pdf,
village:المنيا:ملوي:دير-حنس-أبو,markaz:المنيا:ملوي,2,village,دير حنس أبو,,pdf,
markaz:المنيا:دير-مواس,gov:المنيا,1,markaz,دير مواس,,pdf,
village:المنيا:دير-مواس:تل-عمران-بني,markaz:المنيا:دير-مواس,2,village,تل عمران بني,,pdf,
markaz:المنيا:أبو-قرقاص,gov:المنيا,1,markaz,أبو قرقاص,,pdf,
village:المنيا:أبو-قرقاص:أبيوها,markaz:المنيا:أبو-قرقاص,2,village,أبيوها,,pdf,
gov:أسيوط,,0,governorate,أسيوط,,pdf,True
city:أسيوط:ساحل-سليم,gov:أسيوط,1,city,ساحل سليم,,pdf,
city:أسيوط:تيج-أبو,gov:أسيوط,1,city,تيج أبو,,pdf,
city:أسيوط:أبنوب,gov:أسيوط,1,city,أبنوب,,pdf,
city:أسيوط:ديروط,gov:أسيوط,1,city,ديروط,,pdf,
city:أسيوط:القوصية,gov:أسيوط,1,city,القوصية,,pdf,
city:أسيوط:منفلوط,gov:أسيوط,1,city,منفلوط,,pdf,
city:أسيوط:أسيوط-الجديدة,gov:أسيوط,1,city,أسيوط الجديدة,,pdf,
gov:سوهاج,,0,governorate,سوهاج,,pdf,True
city:سوهاج:جهينة,gov:سوهاج,1,city,جهينة,,pdf,
city:سوهاج:جرجا,gov:سوهاج,1,city,جرجا,,pdf,
city:سوهاج:دار-السالم,gov:سوهاج,1,city,دار السالم,,pdf,
city:سوهاج:المنشاة,gov:سوهاج,1,city,المنشاة,,pdf,
city:سوهاج:المراغة,gov:سوهاج,1,city,المراغة,,pdf,
city:سوهاج:البلينا,gov:سوهاج,1,city,البلينا,,pdf,
city:سوهاج:أخميم,gov:سوهاج,1,city,أخميم,,pdf,
city:سوهاج:سوهاج-الجديدة,gov:سوهاج,1,city,سوهاج الجديدة,,pdf,
gov:قنا,,0,governorate,قنا,,pdf,True
city:قنا:فرشوط,gov:قنا,1,city,فرشوط,,pdf,
city:قنا:قوص,gov:قنا,1,city,قوص,,pdf,
city:قنا:نقادة,gov:قنا,1,city,نقادة,,pdf,
city:قنا:قفط,gov:قنا,1,city,قفط,,pdf,
city:قنا:الوقف,gov:قنا,1,city,الوقف,,pdf,
city:قنا:دشنا,gov:قنا,1,city,دشنا,,pdf,
city:قنا:حمادي-نجع,gov:قنا,1,city,حمادي نجع,,pdf,
city:قنا:تشت-أبو,gov:قنا,1,city,تشت أبو,,pdf,
city:قنا:قنا-الجديدة,gov:قنا,1,city,قنا الجديدة,,pdf,
gov:الأقصر,,0,governorate,الأقصر,,pdf,True
city:الأقصر:القرنة,gov:الأقصر,1,city,القرنة,,pdf,
city:الأقصر:الطود,gov:الأقصر,1,city,الطود,,pdf,
city:الأقصر:البياضية,gov:الأقصر,1,city,البياضية,,pdf,
city:الأقصر:الزينية,gov:الأقصر,1,city,الزينية,,pdf,
city:الأقصر:أرمنت,gov:الأقصر,1,city,أرمنت,,pdf,
city:الأقصر:إسنا,gov:الأقصر,1,city,إسنا,,pdf,
city:الأقصر:الأقصر-الجديدة,gov:الأقصر,1,city,الأقصر الجديدة,,pdf,
city:الأقصر:الأقصر-إداريا-سم,gov:الأقصر,1,city,الأقصر إداريا سم,,pdf,
gov:أسوان,,0,governorate,أسوان,,pdf,True
city:أسوان:السياحية-سمبل-أبو,gov:أسوان,1,city,السياحية سمبل أبو,,pdf,
city:أسوان:إدفو,gov:أسوان,1,city,إدفو,,pdf,
city:أسوان:نصر-النوبة,gov:أسوان,1,city,نصر النوبة,,pdf,
city:أسوان:أمبو-كوم,gov:أسوان,1,city,أمبو كوم,,pdf,
city:أسوان:دراو,gov:أسوان,1,city,دراو,,pdf,
city:أسوان:أسوان-الجديدة,gov:أسوان,1,city,أسوان الجديدة,,pdf,
gov:الوادي-الجديد,,0,governorate,الوادي الجديد,,pdf,True
city:الوادي-الجديد:بالط,gov:الوادي-الجديد,1,city,بالط,,pdf,
city:الوادي-الجديد:الفرافرة,gov:الوادي-الجديد,1,city,الفرافرة,,pdf,
city:الوادي-الجديد:موط,gov:الوادي-الجديد,1,city,موط,,pdf,
city:الوادي-الجديد:باريس,gov:الوادي-الجديد,1,city,باريس,,pdf,
city:الوادي-الجديد:الخارجة-5-الواحات-مراكزمدن,gov:الوادي-الجديد,1,city,الخارجة 5 الواحات مراكز/مدن,,pdf,
region:الساحل-الشمالي,,0,region,الساحل الشمالي,,pdf,False
